<?xml version="1.0" encoding="UTF-8"?>
<beans xmlns="http://www.springframework.org/schema/beans"
	xmlns:context="http://www.springframework.org/schema/context"
	xmlns:xsi="http://www.w3.org/2001/XMLSchema-instance"
	xmlns:tx="http://www.springframework.org/schema/tx"
	xmlns:mvc="http://www.springframework.org/schema/mvc"
	xsi:schemaLocation="http://www.springframework.org/schema/beans
	 http://www.springframework.org/schema/beans/spring-beans.xsd
	 http://www.springframework.org/schema/context
	 http://www.springframework.org/schema/context/spring-context.xsd
	 http://www.springframework.org/schema/mvc
	 http://www.springframework.org/schema/mvc/spring-mvc.xsd 
	 http://www.springframework.org/schema/tx
	http://www.springframework.org/schema/tx/spring-tx.xsd">

<context:component-scan base-package="pojopack,manufacturers,model,customers,segment"/>

<tx:annotation-driven transaction-manager="transactionManager"/>
<mvc:annotation-driven/>
<bean id="dataSource"
        class="org.springframework.jdbc.datasource.DriverManagerDataSource">

        <property name="driverClassName" value="com.mysql.jdbc.Driver" />
        <property name="url" value="jdbc:mysql://localhost:3306/vehicle_config" />
        <property name="username" value="root" />
        <property name="password" value="root" />
    </bean>

    <!-- Hibernate template configuration -->
   
       <bean id="sessionFactory"
        class="org.springframework.orm.hibernate5.LocalSessionFactoryBean">

        <property name="dataSource" ref="dataSource" />
        <property name="hibernateProperties">
            <props>
                <prop key="hibernate.dialect">org.hibernate.dialect.MySQLDialect</prop>
                <prop key="hibernate.show_sql">true</prop>
                <prop key="hibernate.hbm2ddl.auto">update</prop>
            </props>
        </property>
        <property name="annotatedClasses">
            <list>
                <value>pojopack.Customers</value>
                <value>pojopack.Manufacturer</value>
                <value>pojopack.Segments</value>
                <value>pojopack.Models</value>
                <value>pojopack.ModelDetail</value>
                <value>pojopack.Items</value>
                <value>pojopack.AltTbl</value>
             </list>
        </property>
   </bean>
    <bean id="transactionManager" class="org.springframework.orm.hibernate5.HibernateTransactionManager"> 
<property name="sessionFactory" ref="sessionFactory" /> 
</bean> 
	    <bean id="template" class="org.springframework.orm.hibernate5.HibernateTemplate">  
	    <property name="sessionFactory" ref="sessionFactory"></property>  
	    </bean>

<bean id="viewResolver" class="org.springframework.web.servlet.view.InternalResourceViewResolver">
	<property name="viewClass" value="org.springframework.web.servlet.view.JstlView"/>
	<property name="prefix" value="/"/>
	<property name="suffix" value=".jsp"/>
</bean>
</beans>